filing_id,ticker,filing_type,accession_number,filing_year,chunking_method,failure_mode,sections_detected,chunks_produced,total_chars,captured_ratio,largest_section_item,largest_section_ratio,item_7_chars,quality_check_passed,quality_check_reason
AAPL_0000320193-22-000108,AAPL,10-K,0000320193-22-000108,2022,section_aware,none,22,115,217588,0.9623,8,0.3386,17665,True,all signals pass
AAPL_0000320193-23-000106,AAPL,10-K,0000320193-23-000106,2023,section_aware,none,23,112,202521,0.957,1A,0.3352,15595,True,all signals pass
AAPL_0000320193-24-000123,AAPL,10-K,0000320193-24-000123,2024,section_aware,none,23,113,206208,0.9581,1A,0.3335,15452,True,all signals pass
AAPL_0000320193-25-000079,AAPL,10-K,0000320193-25-000079,2025,section_aware,none,23,114,208584,0.9586,1A,0.3263,18111,True,all signals pass
ADBE_0000796343-23-000007,ADBE,10-K,0000796343-23-000007,2023,section_aware,none,22,182,374009,0.9793,8,0.3447,54123,True,all signals pass
ADBE_0000796343-24-000006,ADBE,10-K,0000796343-24-000006,2024,section_aware,none,23,181,369206,0.9768,8,0.356,49664,True,all signals pass
ADBE_0000796343-25-000004,ADBE,10-K,0000796343-25-000004,2025,section_aware,none,23,183,379839,0.9777,8,0.3441,49066,True,all signals pass
ADBE_0000796343-26-000003,ADBE,10-K,0000796343-26-000003,2026,section_aware,none,23,169,348436,0.9757,8,0.3719,46944,True,all signals pass
AIG_0000005272-23-000007,AIG,10-K,0000005272-23-000007,2023,section_aware,none,22,575,1129755,0.9423,7A,0.4359,19345,True,all signals pass
AIG_0000005272-24-000023,AIG,10-K,0000005272-24-000023,2024,section_aware,none,23,614,1177294,0.9444,7A,0.4809,17766,True,all signals pass
AIG_0000005272-25-000012,AIG,10-K,0000005272-25-000012,2025,section_aware,none,23,448,847889,0.9409,7A,0.4637,19946,True,all signals pass
AIG_0000005272-26-000023,AIG,10-K,0000005272-26-000023,2026,section_aware,none,23,389,748131,0.9398,7A,0.4693,15598,True,all signals pass
ALL_0000899051-23-000020,ALL,10-K,0000899051-23-000020,2023,section_aware,none,22,354,752001,0.8977,8,0.4438,243369,True,all signals pass
ALL_0000899051-24-000013,ALL,10-K,0000899051-24-000013,2024,section_aware,none,23,366,766983,0.8971,8,0.4526,239085,True,all signals pass
ALL_0000899051-25-000015,ALL,10-K,0000899051-25-000015,2025,section_aware,none,23,343,721788,0.899,8,0.4574,215569,True,all signals pass
ALL_0000899051-26-000031,ALL,10-K,0000899051-26-000031,2026,section_aware,none,23,322,669571,0.904,8,0.4628,189237,True,all signals pass
AMAT_0000006951-22-000043,AMAT,10-K,0000006951-22-000043,2022,section_aware,none,22,172,341307,0.9769,16,0.4019,68256,True,all signals pass
AMAT_0000006951-23-000041,AMAT,10-K,0000006951-23-000041,2023,section_aware,none,22,162,320996,0.9743,16,0.4276,53259,True,all signals pass
AMAT_0000006951-24-000044,AMAT,10-K,0000006951-24-000044,2024,section_aware,none,23,148,297853,0.9729,16,0.4077,39183,True,all signals pass
AMAT_0001628280-25-056742,AMAT,10-K,0001628280-25-056742,2025,section_aware,none,23,149,295186,0.9726,16,0.4284,41054,True,all signals pass
AMD_0000002488-23-000047,AMD,10-K,0000002488-23-000047,2023,section_aware,none,22,193,397006,0.9846,8,0.3319,41739,True,all signals pass
AMD_0000002488-24-000012,AMD,10-K,0000002488-24-000012,2024,section_aware,none,23,194,396869,0.9846,1A,0.3167,35254,True,all signals pass
AMD_0000002488-25-000012,AMD,10-K,0000002488-25-000012,2025,section_aware,none,23,185,377374,0.9839,1A,0.3341,32866,True,all signals pass
AMD_0000002488-26-000018,AMD,10-K,0000002488-26-000018,2026,section_aware,none,23,195,394881,0.9846,1A,0.334,37683,True,all signals pass
AMZN_0001018724-23-000004,AMZN,10-K,0001018724-23-000004,2023,section_aware,none,22,141,270865,0.9796,8,0.4403,49422,True,all signals pass
AMZN_0001018724-24-000008,AMZN,10-K,0001018724-24-000008,2024,section_aware,none,23,149,285897,0.9788,8,0.4381,48136,True,all signals pass
AMZN_0001018724-25-000004,AMZN,10-K,0001018724-25-000004,2025,section_aware,none,23,146,282945,0.9785,8,0.4307,48721,True,all signals pass
AMZN_0001018724-26-000004,AMZN,10-K,0001018724-26-000004,2026,section_aware,none,23,149,286358,0.9788,8,0.4367,46497,True,all signals pass
ANET_0001596532-23-000016,ANET,10-K,0001596532-23-000016,2023,section_aware,none,22,200,428903,0.9686,1A,0.4046,48663,True,all signals pass
ANET_0001596532-24-000043,ANET,10-K,0001596532-24-000043,2024,section_aware,none,23,208,456336,0.9696,1A,0.4138,51089,True,all signals pass
ANET_0001596532-25-000028,ANET,10-K,0001596532-25-000028,2025,section_aware,none,23,210,462347,0.9696,1A,0.4352,50272,True,all signals pass
ANET_0001596532-26-000013,ANET,10-K,0001596532-26-000013,2026,section_aware,none,23,191,414938,0.9656,1A,0.4573,43327,True,all signals pass
AON_0001628280-23-004087,AON,10-K,0001628280-23-004087,2023,section_aware,none,22,202,397517,0.965,8,0.3505,75395,True,all signals pass
AON_0001628280-24-005392,AON,10-K,0001628280-24-005392,2024,section_aware,none,23,222,444980,0.9602,8,0.3208,81284,True,all signals pass
AON_0001628280-25-006093,AON,10-K,0001628280-25-006093,2025,section_aware,none,23,239,475691,0.963,8,0.3537,100707,True,all signals pass
AON_0001628280-26-008116,AON,10-K,0001628280-26-008116,2026,section_aware,none,23,232,461631,0.9622,8,0.3548,92070,True,all signals pass
APO_0001858681-23-000007,APO,10-K,0001858681-23-000007,2023,section_aware,none,23,499,1068419,0.9548,8,0.3215,200433,True,all signals pass
APO_0001858681-24-000031,APO,10-K,0001858681-24-000031,2024,section_aware,none,24,504,1049293,0.9517,8,0.392,225332,True,all signals pass
APO_0001858681-25-000034,APO,10-K,0001858681-25-000034,2025,section_aware,none,24,506,1053209,0.9529,8,0.3857,225222,True,all signals pass
APO_0001858681-26-000013,APO,10-K,0001858681-26-000013,2026,section_aware,none,24,523,1094968,0.9542,8,0.3753,233978,True,all signals pass
AVGO_0001730168-22-000118,AVGO,10-K,0001730168-22-000118,2022,section_aware,none,22,195,396136,0.98,8,0.362,48848,True,all signals pass
AVGO_0001730168-23-000096,AVGO,10-K,0001730168-23-000096,2023,section_aware,none,23,191,385590,0.9782,8,0.3365,47722,True,all signals pass
AVGO_0001730168-24-000139,AVGO,10-K,0001730168-24-000139,2024,section_aware,none,23,190,384953,0.9778,8,0.3698,48380,True,all signals pass
AVGO_0001730168-25-000121,AVGO,10-K,0001730168-25-000121,2025,section_aware,none,23,183,367924,0.9765,8,0.3713,49624,True,all signals pass
AXP_0000004962-23-000006,AXP,10-K,0000004962-23-000006,2023,section_aware,none,18,284,581522,0.9855,8,0.3289,160673,True,all signals pass
AXP_0000004962-24-000013,AXP,10-K,0000004962-24-000013,2024,section_aware,none,19,298,615432,0.9863,8,0.3214,165198,True,all signals pass
AXP_0000004962-25-000016,AXP,10-K,0000004962-25-000016,2025,section_aware,none,19,305,629510,0.9866,8,0.328,165108,True,all signals pass
AXP_0000004962-26-000080,AXP,10-K,0000004962-26-000080,2026,section_aware,none,19,305,629667,0.9865,8,0.3295,160753,True,all signals pass
BAC_0000070858-26-000157,BAC,10-K,0000070858-26-000157,2026,section_aware,none,23,485,901689,0.9904,8,0.4461,160444,True,all signals pass
BLK_0000950170-25-026584,BLK,10-K,0000950170-25-026584,2025,section_aware,none,23,365,655731,0.991,16,0.3417,156814,True,all signals pass
BLK_0001193125-26-071966,BLK,10-K,0001193125-26-071966,2026,section_aware,none,23,385,684974,0.991,16,0.3454,163899,True,all signals pass
BX_0001193125-23-048733,BX,10-K,0001193125-23-048733,2023,section_aware,none,23,647,1143806,0.9765,8,0.2437,227594,True,all signals pass
BX_0001193125-24-044485,BX,10-K,0001193125-24-044485,2024,section_aware,none,24,650,1148647,0.9799,8,0.2497,230590,True,all signals pass
BX_0001193125-25-042469,BX,10-K,0001193125-25-042469,2025,section_aware,none,24,626,1116082,0.98,1A,0.2467,223151,True,all signals pass
BX_0001193125-26-082531,BX,10-K,0001193125-26-082531,2026,section_aware,none,24,643,1113921,0.9797,8,0.2512,226424,True,all signals pass
CB_0000896159-23-000007,CB,10-K,0000896159-23-000007,2023,section_aware,none,22,395,747472,0.9923,16,0.4432,193720,True,all signals pass
CB_0000896159-24-000003,CB,10-K,0000896159-24-000003,2024,section_aware,none,23,432,807462,0.9919,16,0.4709,196463,True,all signals pass
CB_0000896159-25-000004,CB,10-K,0000896159-25-000004,2025,section_aware,none,23,419,787976,0.9918,16,0.4605,190224,True,all signals pass
CB_0000896159-26-000005,CB,10-K,0000896159-26-000005,2026,section_aware,none,23,402,751364,0.9914,16,0.4771,180487,True,all signals pass
CDNS_0000813672-23-000011,CDNS,10-K,0000813672-23-000011,2023,section_aware,none,22,183,369170,0.9836,15,0.3936,51056,True,all signals pass
CDNS_0000813672-24-000034,CDNS,10-K,0000813672-24-000034,2024,section_aware,none,23,192,393276,0.9841,15,0.3929,50511,True,all signals pass
CDNS_0000813672-25-000024,CDNS,10-K,0000813672-25-000024,2025,section_aware,none,23,200,411449,0.9848,15,0.3883,50565,True,all signals pass
CDNS_0000813672-26-000016,CDNS,10-K,0000813672-26-000016,2026,section_aware,none,23,216,451987,0.9861,15,0.3731,57274,True,all signals pass
CME_0001156375-23-000020,CME,10-K,0001156375-23-000020,2023,section_aware,none,22,182,360488,0.961,8,0.2994,64928,True,all signals pass
CME_0001156375-24-000010,CME,10-K,0001156375-24-000010,2024,section_aware,none,23,181,363723,0.9614,8,0.2936,63551,True,all signals pass
CME_0001156375-25-000021,CME,10-K,0001156375-25-000021,2025,section_aware,none,23,185,372659,0.9591,8,0.2951,63253,True,all signals pass
CME_0001156375-26-000009,CME,10-K,0001156375-26-000009,2026,section_aware,none,23,197,402436,0.9602,8,0.2839,64705,True,all signals pass
COF_0000927628-23-000117,COF,10-K,0000927628-23-000117,2023,section_aware,none,22,373,722955,0.9855,8,0.4057,216617,True,all signals pass
COF_0000927628-24-000094,COF,10-K,0000927628-24-000094,2024,section_aware,none,23,398,778729,0.9866,8,0.3935,223862,True,all signals pass
COF_0000927628-25-000092,COF,10-K,0000927628-25-000092,2025,section_aware,none,23,406,799328,0.9871,8,0.3815,225301,True,all signals pass
COF_0000927628-26-000024,COF,10-K,0000927628-26-000024,2026,section_aware,none,23,441,881728,0.9881,8,0.3906,228082,True,all signals pass
CRM_0001108524-23-000011,CRM,10-K,0001108524-23-000011,2023,section_aware,none,23,188,402540,0.9639,1A,0.3192,57954,True,all signals pass
CRM_0001108524-24-000005,CRM,10-K,0001108524-24-000005,2024,section_aware,none,24,189,402888,0.9639,1A,0.3155,54557,True,all signals pass
CRM_0001108524-25-000006,CRM,10-K,0001108524-25-000006,2025,section_aware,none,24,190,399592,0.9781,8,0.3041,51918,True,all signals pass
CRM_0001108524-26-000060,CRM,10-K,0001108524-26-000060,2026,section_aware,none,24,199,411595,0.9787,8,0.3232,54892,True,all signals pass
CSCO_0000858877-22-000013,CSCO,10-K,0000858877-22-000013,2022,section_aware,none,22,187,419369,0.8367,8,0.3793,78158,True,all signals pass
CSCO_0000858877-23-000023,CSCO,10-K,0000858877-23-000023,2023,section_aware,none,22,177,397952,0.8264,8,0.3747,72238,True,all signals pass
CSCO_0000858877-24-000017,CSCO,10-K,0000858877-24-000017,2024,section_aware,none,23,211,418285,0.9817,8,0.3931,74781,True,all signals pass
CSCO_0000858877-25-000111,CSCO,10-K,0000858877-25-000111,2025,section_aware,none,23,206,403959,0.9811,8,0.3848,71729,True,all signals pass
GOOGL_0001652044-23-000016,GOOGL,10-K,0001652044-23-000016,2023,section_aware,none,22,162,322245,0.9573,8,0.3787,56535,True,all signals pass
GOOGL_0001652044-24-000022,GOOGL,10-K,0001652044-24-000022,2024,section_aware,none,23,173,343821,0.9602,8,0.3595,59925,True,all signals pass
GOOGL_0001652044-25-000014,GOOGL,10-K,0001652044-25-000014,2025,section_aware,none,23,177,354281,0.9611,8,0.3613,58296,True,all signals pass
GOOGL_0001652044-26-000018,GOOGL,10-K,0001652044-26-000018,2026,section_aware,none,23,176,348077,0.9682,8,0.385,52692,True,all signals pass
GS_0000886982-23-000003,GS,10-K,0000886982-23-000003,2023,section_aware,none,20,564,1106255,0.9914,8,0.4437,289372,True,all signals pass
GS_0000886982-24-000006,GS,10-K,0000886982-24-000006,2024,section_aware,none,21,574,1131590,0.9917,8,0.441,293854,True,all signals pass
GS_0000886982-25-000005,GS,10-K,0000886982-25-000005,2025,section_aware,none,21,570,1126465,0.9918,8,0.4345,297417,True,all signals pass
GS_0000886982-26-000091,GS,10-K,0000886982-26-000091,2026,section_aware,none,21,559,1107339,0.9916,8,0.4157,312614,True,all signals pass
INTU_0000896878-22-000028,INTU,10-K,0000896878-22-000028,2022,section_aware,none,22,200,409821,0.9749,8,0.3839,66757,True,all signals pass
INTU_0000896878-23-000034,INTU,10-K,0000896878-23-000034,2023,section_aware,none,22,202,415078,0.974,8,0.375,67196,True,all signals pass
INTU_0000896878-24-000039,INTU,10-K,0000896878-24-000039,2024,section_aware,none,23,210,430425,0.9736,8,0.3781,70373,True,all signals pass
INTU_0000896878-25-000035,INTU,10-K,0000896878-25-000035,2025,section_aware,none,23,205,421899,0.9732,8,0.3829,68378,True,all signals pass
KKR_0001404912-23-000005,KKR,10-K,0001404912-23-000005,2023,section_aware,none,22,810,1706427,0.9853,1A,0.2929,297547,True,all signals pass
KKR_0001404912-24-000005,KKR,10-K,0001404912-24-000005,2024,section_aware,none,23,812,1675934,0.985,8,0.2954,305802,True,all signals pass
KKR_0001404912-25-000015,KKR,10-K,0001404912-25-000015,2025,section_aware,none,23,808,1677002,0.984,8,0.2963,20687,True,all signals pass
KKR_0001404912-26-000007,KKR,10-K,0001404912-26-000007,2026,section_aware,none,23,681,1343596,0.9814,8,0.3602,21782,True,all signals pass
KLAC_0000319201-22-000023,KLAC,10-K,0000319201-22-000023,2022,section_aware,none,22,235,482689,0.9704,8,0.4073,76344,True,all signals pass
KLAC_0000319201-23-000031,KLAC,10-K,0000319201-23-000031,2023,section_aware,none,22,231,476270,0.9686,8,0.3901,74678,True,all signals pass
KLAC_0000319201-24-000021,KLAC,10-K,0000319201-24-000021,2024,section_aware,none,23,231,472591,0.9666,8,0.3904,55705,True,all signals pass
KLAC_0000319201-25-000024,KLAC,10-K,0000319201-25-000024,2025,section_aware,none,23,221,455168,0.9649,8,0.3907,52823,True,all signals pass
MET_0001099219-23-000045,MET,10-K,0001099219-23-000045,2023,section_aware,large_item8_legit,22,585,1151464,0.9899,8,0.4774,298365,True,all signals pass
MET_0001099219-24-000035,MET,10-K,0001099219-24-000035,2024,section_aware,large_item8_legit,23,618,1165987,0.99,8,0.5461,247372,True,all signals pass
MET_0001099219-25-000044,MET,10-K,0001099219-25-000044,2025,section_aware,large_item8_legit,23,568,1085894,0.9887,8,0.5394,224032,True,all signals pass
MET_0001099219-26-000013,MET,10-K,0001099219-26-000013,2026,section_aware,large_item8_legit,23,584,1121072,0.989,8,0.5351,251996,True,all signals pass
META_0001326801-23-000013,META,10-K,0001326801-23-000013,2023,section_aware,none,22,216,465231,0.9535,1A,0.3631,75539,True,all signals pass
META_0001326801-24-000012,META,10-K,0001326801-24-000012,2024,section_aware,none,23,228,490672,0.956,1A,0.3715,68754,True,all signals pass
META_0001326801-25-000017,META,10-K,0001326801-25-000017,2025,section_aware,none,23,236,503057,0.9885,1A,0.3758,61645,True,all signals pass
META_0001628280-26-003942,META,10-K,0001628280-26-003942,2026,section_aware,none,23,240,518799,0.9644,1A,0.3776,60859,True,all signals pass
MU_0000723125-22-000048,MU,10-K,0000723125-22-000048,2022,section_aware,none,22,160,313531,0.9578,8,0.335,34661,True,all signals pass
MU_0000723125-23-000054,MU,10-K,0000723125-23-000054,2023,section_aware,none,22,165,322294,0.9644,8,0.3248,39653,True,all signals pass
MU_0000723125-24-000027,MU,10-K,0000723125-24-000027,2024,section_aware,none,23,168,331181,0.9691,8,0.2864,37851,True,all signals pass
MU_0000723125-25-000028,MU,10-K,0000723125-25-000028,2025,section_aware,none,23,184,359739,0.9699,8,0.2943,41340,True,all signals pass
NOW_0001373715-23-000035,NOW,10-K,0001373715-23-000035,2023,section_aware,none,22,156,322819,0.9762,8,0.3225,52467,True,all signals pass
NOW_0001373715-24-000030,NOW,10-K,0001373715-24-000030,2024,section_aware,none,23,155,317879,0.9847,8,0.309,55619,True,all signals pass
NOW_0001373715-25-000010,NOW,10-K,0001373715-25-000010,2025,section_aware,none,23,159,329536,0.9769,8,0.3151,54819,True,all signals pass
NOW_0001373715-26-000007,NOW,10-K,0001373715-26-000007,2026,section_aware,none,23,171,352231,0.9787,8,0.3296,55267,True,all signals pass
NVDA_0001045810-23-000017,NVDA,10-K,0001045810-23-000017,2023,section_aware,none,22,160,322069,0.9678,15,0.3451,38647,True,all signals pass
NVDA_0001045810-24-000029,NVDA,10-K,0001045810-24-000029,2024,section_aware,none,23,169,342687,0.9696,15,0.3205,40401,True,all signals pass
NVDA_0001045810-25-000023,NVDA,10-K,0001045810-25-000023,2025,section_aware,none,23,173,351058,0.9702,1A,0.316,37953,True,all signals pass
NVDA_0001045810-26-000021,NVDA,10-K,0001045810-26-000021,2026,section_aware,none,23,168,342780,0.9694,1A,0.3354,34300,True,all signals pass
ORCL_0000950170-23-028914,ORCL,10-K,0000950170-23-028914,2023,section_aware,none,21,239,457784,0.9853,15,0.4266,90979,True,all signals pass
ORCL_0000950170-24-075605,ORCL,10-K,0000950170-24-075605,2024,section_aware,none,21,235,444516,0.9849,15,0.4141,76949,True,all signals pass
ORCL_0000950170-25-087926,ORCL,10-K,0000950170-25-087926,2025,section_aware,none,23,235,439889,0.9845,15,0.4145,78357,True,all signals pass
ORCL_0001564590-22-023675,ORCL,10-K,0001564590-22-023675,2022,section_aware,none,21,241,458579,0.9862,15,0.4207,93233,True,all signals pass
PANW_0001327567-22-000028,PANW,10-K,0001327567-22-000028,2022,section_aware,none,21,215,432662,0.9745,1A,0.3392,59288,True,all signals pass
PANW_0001327567-23-000024,PANW,10-K,0001327567-23-000024,2023,section_aware,none,22,198,392373,0.9748,8,0.3226,51476,True,all signals pass
PANW_0001327567-24-000029,PANW,10-K,0001327567-24-000029,2024,section_aware,none,23,209,417053,0.9745,8,0.3092,52865,True,all signals pass
PANW_0001327567-25-000027,PANW,10-K,0001327567-25-000027,2025,section_aware,none,23,208,421224,0.973,1A,0.3142,55447,True,all signals pass
PNC_0000713676-23-000020,PNC,10-K,0000713676-23-000020,2023,section_aware,none,21,433,863912,0.9819,8,0.4766,193855,True,all signals pass
PNC_0000713676-24-000028,PNC,10-K,0000713676-24-000028,2024,section_aware,none,22,431,856614,0.9821,8,0.4736,194279,True,all signals pass
PNC_0000713676-25-000027,PNC,10-K,0000713676-25-000027,2025,section_aware,none,22,436,866857,0.9818,8,0.4571,211695,True,all signals pass
PNC_0000713676-26-000020,PNC,10-K,0000713676-26-000020,2026,section_aware,none,22,424,829805,0.9811,8,0.4702,205734,True,all signals pass
PRU_0001137774-23-000040,PRU,10-K,0001137774-23-000040,2023,section_aware,large_item8_legit,22,625,1246905,0.9916,8,0.4539,363920,True,all signals pass
PRU_0001137774-24-000045,PRU,10-K,0001137774-24-000045,2024,section_aware,large_item8_legit,23,687,1326629,0.9922,8,0.5007,355692,True,all signals pass
PRU_0001137774-25-000044,PRU,10-K,0001137774-25-000044,2025,section_aware,large_item8_legit,23,644,1248503,0.9918,8,0.4912,325142,True,all signals pass
PRU_0001137774-26-000048,PRU,10-K,0001137774-26-000048,2026,section_aware,large_item8_legit,23,595,1147848,0.9907,8,0.5069,307609,True,all signals pass
QCOM_0000804328-22-000021,QCOM,10-K,0000804328-22-000021,2022,section_aware,none,22,197,418452,0.9652,16,0.323,34745,True,all signals pass
QCOM_0000804328-23-000055,QCOM,10-K,0000804328-23-000055,2023,section_aware,none,23,188,400882,0.9621,1A,0.3148,32442,True,all signals pass
QCOM_0000804328-24-000075,QCOM,10-K,0000804328-24-000075,2024,section_aware,none,23,187,401992,0.9626,1A,0.3152,31874,True,all signals pass
QCOM_0000804328-25-000085,QCOM,10-K,0000804328-25-000085,2025,section_aware,none,23,183,388165,0.9779,1A,0.3416,36485,True,all signals pass
SCHW_0000316709-23-000009,SCHW,10-K,0000316709-23-000009,2023,section_aware,none,22,290,545881,0.9875,8,0.397,160285,True,all signals pass
SCHW_0000316709-24-000018,SCHW,10-K,0000316709-24-000018,2024,section_aware,none,23,308,579878,0.9882,8,0.3858,176420,True,all signals pass
SCHW_0000316709-25-000010,SCHW,10-K,0000316709-25-000010,2025,section_aware,none,23,305,575118,0.9882,8,0.3988,174610,True,all signals pass
SCHW_0000316709-26-000009,SCHW,10-K,0000316709-26-000009,2026,section_aware,none,23,289,544182,0.9875,8,0.3941,162340,True,all signals pass
SNPS_0000883241-22-000017,SNPS,10-K,0000883241-22-000017,2022,section_aware,none,21,171,343073,0.9684,8,0.3897,47261,True,all signals pass
SNPS_0000883241-23-000019,SNPS,10-K,0000883241-23-000019,2023,section_aware,none,22,181,361403,0.9678,8,0.3936,50729,True,all signals pass
SNPS_0000883241-24-000024,SNPS,10-K,0000883241-24-000024,2024,section_aware,none,23,201,400137,0.9704,8,0.3941,64066,True,all signals pass
SNPS_0000883241-25-000028,SNPS,10-K,0000883241-25-000028,2025,section_aware,none,23,213,422453,0.9717,8,0.4221,71546,True,all signals pass
TFC_0000092230-23-000034,TFC,10-K,0000092230-23-000034,2023,section_aware,none,21,321,620284,0.9917,8,0.3781,162043,True,all signals pass
TFC_0000092230-24-000010,TFC,10-K,0000092230-24-000010,2024,section_aware,none,22,345,674675,0.9924,8,0.3753,169126,True,all signals pass
TFC_0000092230-25-000020,TFC,10-K,0000092230-25-000020,2025,section_aware,none,22,355,682916,0.9925,8,0.3803,159055,True,all signals pass
TFC_0000092230-26-000030,TFC,10-K,0000092230-26-000030,2026,section_aware,none,22,353,685258,0.9893,8,0.3755,151435,True,all signals pass
TRV_0000086312-23-000011,TRV,10-K,0000086312-23-000011,2023,section_aware,none,22,400,808675,0.9933,8,0.3142,229411,True,all signals pass
TRV_0000086312-24-000012,TRV,10-K,0000086312-24-000012,2024,section_aware,none,23,403,816124,0.9927,8,0.308,228797,True,all signals pass
TRV_0000086312-25-000012,TRV,10-K,0000086312-25-000012,2025,section_aware,none,23,407,825904,0.9928,8,0.3128,229198,True,all signals pass
TRV_0000086312-26-000065,TRV,10-K,0000086312-26-000065,2026,section_aware,none,23,402,813234,0.9927,8,0.3174,221469,True,all signals pass
TXN_0000097476-23-000007,TXN,10-K,0000097476-23-000007,2023,section_aware,none,21,104,186136,0.9783,8,0.4525,18038,True,all signals pass
TXN_0000097476-24-000007,TXN,10-K,0000097476-24-000007,2024,section_aware,none,22,105,188205,0.9786,8,0.4376,16457,True,all signals pass
TXN_0000097476-25-000007,TXN,10-K,0000097476-25-000007,2025,section_aware,none,22,105,186082,0.9783,8,0.4494,14939,True,all signals pass
TXN_0000097476-26-000059,TXN,10-K,0000097476-26-000059,2026,section_aware,none,22,108,191937,0.979,8,0.4464,18623,True,all signals pass
WTW_0000950170-23-004303,WTW,10-K,0000950170-23-004303,2023,section_aware,none,22,321,597047,0.98,8,0.3889,92824,True,all signals pass
WTW_0000950170-24-018575,WTW,10-K,0000950170-24-018575,2024,section_aware,none,23,320,602866,0.9796,8,0.3855,90459,True,all signals pass
WTW_0000950170-25-026278,WTW,10-K,0000950170-25-026278,2025,section_aware,none,23,323,611562,0.9798,8,0.3826,93264,True,all signals pass
WTW_0001193125-26-069307,WTW,10-K,0001193125-26-069307,2026,section_aware,none,23,325,613265,0.9794,8,0.3857,90766,True,all signals pass
BAC_0000070858-23-000092,BAC,10-K,0000070858-23-000092,2023,hybrid_section_aware,parser_limitation_item7,22,488,908534,0.9905,8,0.4409,2600,False,Item 7 too small (2;600 chars)
BAC_0000070858-24-000122,BAC,10-K,0000070858-24-000122,2024,hybrid_section_aware,parser_limitation_item7,23,492,916705,0.9905,8,0.4455,2652,False,Item 7 too small (2;652 chars)
BAC_0000070858-25-000139,BAC,10-K,0000070858-25-000139,2025,hybrid_section_aware,parser_limitation_item7,23,486,899718,0.9903,8,0.4471,2650,False,Item 7 too small (2;650 chars)
IBM_0000051143-24-000012,IBM,10-K,0000051143-24-000012,2024,hybrid_section_aware,incorporation_by_reference,23,61,102255,0.9305,1A,0.3438,212,False,Item 7 too small (212 chars)
IBM_0000051143-25-000015,IBM,10-K,0000051143-25-000015,2025,hybrid_section_aware,incorporation_by_reference,23,61,104953,0.9316,1,0.2529,212,False,Item 7 too small (212 chars)
IBM_0000051143-26-000010,IBM,10-K,0000051143-26-000010,2026,hybrid_section_aware,incorporation_by_reference,23,61,102694,0.9295,1,0.2578,212,False,Item 7 too small (212 chars)
IBM_0001558370-23-002376,IBM,10-K,0001558370-23-002376,2023,hybrid_section_aware,incorporation_by_reference,22,62,95482,0.9276,1A,0.3683,214,False,Item 7 too small (214 chars)
JPM_0000019617-23-000231,JPM,10-K,0000019617-23-000231,2023,hybrid_section_aware,dominant_section_parser_failure,21,622,1169329,0.9946,15,0.8411,396,False,section dominance: Item 15 (84.1%)
JPM_0000019617-24-000225,JPM,10-K,0000019617-24-000225,2024,hybrid_section_aware,dominant_section_parser_failure,22,662,1254812,0.9944,15,0.8415,396,False,section dominance: Item 15 (84.2%)
JPM_0000019617-25-000270,JPM,10-K,0000019617-25-000270,2025,hybrid_section_aware,dominant_section_parser_failure,22,650,1229816,0.9945,15,0.8365,396,False,section dominance: Item 15 (83.7%)
JPM_0001628280-26-008131,JPM,10-K,0001628280-26-008131,2026,hybrid_section_aware,dominant_section_parser_failure,22,638,1198488,0.9942,15,0.8512,396,False,section dominance: Item 15 (85.1%)
MSFT_0000950170-23-035122,MSFT,10-K,0000950170-23-035122,2023,hybrid_section_aware,parser_limitation_item7,22,193,388327,0.7946,7A,0.3687,1969,False,Item 7 too small (1;969 chars)
MSFT_0000950170-24-087843,MSFT,10-K,0000950170-24-087843,2024,hybrid_section_aware,parser_limitation_item7,23,205,406688,0.8176,7A,0.368,1967,False,Item 7 too small (1;967 chars)
MSFT_0000950170-25-100235,MSFT,10-K,0000950170-25-100235,2025,hybrid_section_aware,parser_limitation_item7,23,191,361739,0.8473,7A,0.3789,1962,False,Item 7 too small (1;962 chars)
MSFT_0001564590-22-026876,MSFT,10-K,0001564590-22-026876,2022,hybrid_section_aware,parser_limitation_item7,22,205,394458,0.7861,7A,0.3637,1967,False,Item 7 too small (1;967 chars)
USB_0000036104-24-000018,USB,10-K,0000036104-24-000018,2024,hybrid_section_aware,dominant_section_parser_failure,23,79,142231,0.9593,1,0.6187,313,False,section dominance: Item 1 (61.9%)
USB_0000036104-25-000016,USB,10-K,0000036104-25-000016,2025,hybrid_section_aware,dominant_section_parser_failure,23,76,136960,0.9577,1,0.601,312,False,section dominance: Item 1 (60.1%)
USB_0000036104-26-000011,USB,10-K,0000036104-26-000011,2026,hybrid_section_aware,dominant_section_parser_failure,23,76,138436,0.9582,1,0.6054,312,False,section dominance: Item 1 (60.5%)
USB_0001193125-23-050691,USB,10-K,0001193125-23-050691,2023,hybrid_section_aware,dominant_section_parser_failure,22,78,136625,0.9528,1,0.6702,322,False,section dominance: Item 1 (67.0%)
WFC_0000072971-23-000071,WFC,10-K,0000072971-23-000071,2023,hybrid_section_aware,incorporation_by_reference,22,59,90310,0.9343,1,0.4025,276,False,Item 7 too small (276 chars)
WFC_0000072971-24-000064,WFC,10-K,0000072971-24-000064,2024,hybrid_section_aware,incorporation_by_reference,23,56,85646,0.9327,1,0.4147,276,False,Item 7 too small (276 chars)
WFC_0000072971-25-000066,WFC,10-K,0000072971-25-000066,2025,hybrid_section_aware,incorporation_by_reference,23,62,99080,0.9442,1,0.4699,276,False,Item 7 too small (276 chars)
WFC_0000072971-26-000133,WFC,10-K,0000072971-26-000133,2026,hybrid_section_aware,incorporation_by_reference,23,57,89583,0.9382,1,0.5129,276,False,section dominance: Item 1 (51.3%)
C_0000831001-23-000037,C,10-K,0000831001-23-000037,2023,fixed_size,non_standard_format,0,692,1253318,0.0,,0.0,0,False,no sections detected
C_0000831001-24-000033,C,10-K,0000831001-24-000033,2024,fixed_size,non_standard_format,0,690,1265870,0.0,,0.0,0,False,no sections detected
C_0000831001-25-000067,C,10-K,0000831001-25-000067,2025,fixed_size,non_standard_format,0,695,1269980,0.0,,0.0,0,False,no sections detected
C_0000831001-26-000011,C,10-K,0000831001-26-000011,2026,fixed_size,non_standard_format,0,659,1188651,0.0,,0.0,0,False,no sections detected
INTC_0000050863-23-000006,INTC,10-K,0000050863-23-000006,2023,fixed_size,non_standard_format,22,226,478666,0.0102,16,0.0065,268,False,low coverage (1.0%)
INTC_0000050863-24-000010,INTC,10-K,0000050863-24-000010,2024,fixed_size,non_standard_format,23,227,481506,0.0078,16,0.0041,272,False,low coverage (0.8%)
INTC_0000050863-25-000009,INTC,10-K,0000050863-25-000009,2025,fixed_size,non_standard_format,23,225,473502,0.0084,16,0.0048,236,False,low coverage (0.8%)
INTC_0000050863-26-000011,INTC,10-K,0000050863-26-000011,2026,fixed_size,non_standard_format,23,246,521123,0.0069,16,0.0036,235,False,low coverage (0.7%)
MS_0000895421-23-000284,MS,10-K,0000895421-23-000284,2023,fixed_size,non_standard_format,0,400,772155,0.0,,0.0,0,False,no sections detected
MS_0000895421-24-000300,MS,10-K,0000895421-24-000300,2024,fixed_size,non_standard_format,0,404,780638,0.0,,0.0,0,False,no sections detected
MS_0000895421-25-000304,MS,10-K,0000895421-25-000304,2025,fixed_size,non_standard_format,0,405,782320,0.0,,0.0,0,False,no sections detected
MS_0000895421-26-000086,MS,10-K,0000895421-26-000086,2026,fixed_size,non_standard_format,0,404,781812,0.0,,0.0,0,False,no sections detected
